label,x,y
0,30.08387242,39.63093564
0,31.27612757,51.77510739
0,34.12137981,49.27574807
0,32.58222214,41.23299659
0,34.65068782,45.47956154
0,33.80513374,44.24656084
0,33.63327365,53.35536556
0,30.32783366,31.24890107
0,30.46438463,55.757754
0,34.49551019,53.12543528
0,34.367305,48.50404211
0,29.79268154,47.93710569
0,31.87672187,47.73751742
0,38.57119657,43.08881501
0,30.97243297,51.26553867
0,33.30843546,47.41152445
0,34.44252147,49.41932682
0,31.62619479,48.62981054
0,29.04951887,44.20037414
0,33.39989847,46.86379727
0,34.79443398,53.4505
0,28.05526554,45.38042059
0,33.77581523,47.83237425
0,29.71245198,54.24931885
0,36.32092994,46.06030191
0,32.43581177,48.21927398
0,33.05714107,48.41792685
0,35.20674992,45.03287591
0,29.62411107,42.26302132
0,33.12987785,41.9143153
0,31.56113108,38.01756781
0,29.70348621,41.88969173
0,34.49922053,44.76009073
0,33.08932638,47.87679831
0,31.33032621,50.41189427
0,30.84243351,38.62356219
0,32.18304168,47.65035684
0,28.34729215,38.86600973
0,33.93595032,53.1416688
0,36.65360549,50.94357406
0,32.17398347,51.58737945
0,28.19555756,50.12031973
0,35.61931057,47.45611372
0,32.57356859,44.79158261
0,34.83836091,37.17074401
0,32.98237689,52.97136158
0,29.87578141,42.94866728
0,27.72299092,44.17249571
0,36.94406234,43.22565479
0,38.92214967,48.06300218
0,36.59656959,43.66001056
0,36.05754501,41.59929772
0,31.82935974,49.0568068
0,31.99304143,39.99815245
0,27.92623343,47.7665356
0,84.76339339,38.2765356
0,86.78386515,33.68769463
0,87.85443028,38.0007496
0,87.36373355,31.22167045
0,91.15418861,35.02463862
0,94.10561716,35.26306053
0,89.91922201,33.88520884
0,94.88805899,36.62304402
0,93.82707259,33.18362573
0,82.94666943,33.78611694
0,87.08141999,33.05965669
0,87.13682401,33.30327784
0,89.13790011,34.60060062
0,88.50721427,35.70344329
0,89.94341778,34.70618983
0,93.08929967,37.14610196
0,88.56262439,37.23160875
0,83.31509402,34.75357105
0,84.38374562,35.15183671
0,90.10313426,35.87318986
0,84.69631389,36.35593252
0,89.05140042,33.57143901
0,92.24443074,34.92344844
0,86.3688116,35.14749939
0,89.07833674,33.68368037
0,86.68475965,37.42506871
0,88.63458636,34.77760199
0,85.35378336,33.63270313
0,88.72791365,37.71577693
0,87.47267956,37.10493633
0,90.40472468,34.48572805
0,94.49097396,34.99196198
0,86.05035572,31.981059
0,86.12026852,30.81773465
0,91.33380776,34.717227
0,83.91992333,37.06468367
0,92.17928536,35.87837316
0,86.4815146,35.87694355
0,88.30946887,35.08470774
0,87.39374018,35.1524671
0,90.35840851,34.34304594
0,84.42655267,33.30197003
0,92.36078361,34.79565375
0,90.01083182,35.14224798
0,89.62808884,35.09379291
0,89.00810513,34.48393706
0,86.96127888,37.97689856
0,90.54824245,36.35014151
0,89.80413558,35.91547908
0,85.82108359,32.54881778
0,89.58353688,34.77948394
0,90.66132466,35.64959563
0,89.96619765,32.9888483
0,87.95877626,32.56500073
0,88.82400216,34.0682359
0,94.67787822,35.25952263
0,83.35779003,32.42938875
0,84.9031107,35.38811213
0,87.97530286,34.31831957
0,85.37468233,36.22450201
0,84.75388429,36.2831589
0,91.8659851,33.83962665
0,88.69915008,35.47760252
0,86.37389931,38.0310587
0,93.80305187,37.27731983
0,96.89895602,35.94384523
0,85.99823697,92.84787528
0,85.7927669,92.1015813
0,84.9947515,92.3604657
0,86.00227208,90.84580254
0,86.0838065,90.25567218
0,87.77709805,92.76331603
0,87.65585001,92.96299412
0,85.06118759,92.48477242
0,84.91292105,90.5648809
0,85.00746798,92.94612012
0,85.14035774,90.81901456
0,87.69746478,91.44794726
0,87.324259,90.41843348
0,91.17170898,91.63869579
0,87.37974406,90.00725986
0,87.01428303,92.17804962
0,86.05972645,88.60311569
0,90.20714465,92.10005777
0,86.05906959,93.19496654
0,87.49736701,91.73767606
0,87.91288933,89.32015741
0,85.71372368,92.4291617
0,85.94732693,95.18166158
0,86.05597172,91.22966512
0,86.56902644,89.85222608
0,85.55843985,92.32594682
0,84.93787612,91.59338876
0,83.34594515,91.94737036
0,85.73240861,91.36946858
0,87.69700782,94.38115658
0,88.10780022,90.07871481
0,87.76118243,93.68607497
0,82.3016722,93.41274832
0,84.88578722,91.68478039
0,90.38273416,90.62365969
0,85.46653064,93.97347503
0,66.76160359,86.72093713
0,65.82691724,82.03084717
0,66.10734605,84.63372837
0,64.25403236,84.06487632
0,73.2677625,85.67364137
0,67.05978114,83.07959808
0,65.01414183,81.72658983
0,68.13283986,81.06252018
0,66.63180651,88.32779916
0,69.37057392,82.72348025
0,66.63640792,81.77176896
0,66.95597789,86.67423702
0,66.94347844,80.35758132
0,70.41847933,83.44068421
0,65.37676291,85.33050213
0,64.61211369,80.53624569
0,66.78461103,87.99440229
0,66.65890045,81.32560356
0,68.23729587,82.67424424
0,66.8013408,83.31090837
0,68.04614605,84.68135481
0,64.63512645,87.99844453
0,65.14229897,87.12793856
0,70.85223571,87.76588796
0,68.5140532,84.11259041
0,67.1115417,86.1459979
0,66.00828285,83.51283359
0,66.06897426,83.07741815
0,67.19879647,84.07600009
0,66.05286939,85.92602455
0,71.88612476,83.6624822
0,68.80238854,78.82359119
0,66.65463626,84.69155892
0,66.10483066,92.59582609
0,64.51403517,85.61029001
0,29.9750509,78.63130187
0,29.81033414,75.93645551
0,31.19061506,74.77029856
0,23.74457537,77.30686678
0,30.80985306,75.83623376
0,29.33018954,75.2708801
0,28.48168668,75.87640219
0,31.74505352,74.65068354
0,28.55152045,73.84652099
0,29.7952346,74.87089707
0,26.98439894,76.66344864
0,30.64679276,76.94447129
0,32.06322828,78.24280174
0,28.72149054,74.01587896
0,29.91140345,76.63682477
0,31.6978378,75.7844586
0,31.60197199,72.51199511
0,28.10443451,73.35566945
0,32.02315489,75.0314276
0,27.48238635,76.0541513
0,30.73894854,76.96399125
0,30.5142841,76.58089113
0,30.10810196,76.16992917
0,30.10783476,74.34244297
0,29.92934324,75.85171927
0,29.98035908,76.04571233
0,28.18151696,73.17577692
0,28.81153957,80.05411931
0,27.55527057,76.96500006
0,29.0929031,75.2903321
0,29.80029808,77.05139126
0,30.17946559,74.74122458
0,32.57307883,74.60615594
0,29.73506454,77.22347053
0,29.59753614,77.27850288
0,29.94398736,76.56047611
0,31.21987677,79.65128876
0,28.88816301,77.92439713
0,29.09785709,74.21133812
0,30.90828785,76.50048562
0,27.73425852,73.82541932
0,33.07191781,75.75200848
0,33.45588832,78.26433215
0,33.05986388,73.18548937
0,31.51000082,72.92382388
0,27.03518923,74.46144031
0,28.65456703,76.47878288
0,29.33566921,76.61503584
0,25.76810115,74.53206871
0,27.56698994,76.36604914
0,31.67944604,76.90885422
0,29.4764323,74.29142383
0,31.38553654,75.67092084
0,32.17199441,75.60149177
0,72.96452133,89.60634325
0,78.42440541,103.3226808
0,75.7910702,91.58972109
0,66.62702879,100.5639291
0,83.52629815,102.0632485
0,80.61125729,92.37285697
0,77.09406159,93.64959656
0,80.03551227,93.05865653
0,72.54208207,103.3158742
0,82.47005035,103.2547276
0,78.63944496,95.2118152
0,75.34164496,90.76653507
0,84.10159638,98.3698549
0,80.71420022,98.0194484
0,86.71645213,91.41910452
0,76.8988291,99.25417054
0,72.8730525,95.40829033
0,71.44413922,91.56671479
0,78.71878872,102.297194
0,74.69877303,92.95635006
0,79.81524653,98.49899933
0,75.37494486,91.71573909
0,77.47589255,95.28583425
0,73.70728394,94.17672231
0,79.98626475,95.20538321
0,75.98932608,103.3453911
0,80.32512826,99.69745081
0,80.82940016,96.54445631
0,71.91443358,99.94438685
0,79.14561155,85.78264801
0,76.16706341,89.3831692
0,77.77131618,91.95113522
0,75.13275978,94.49617185
0,74.95553774,93.4077075
0,66.745338,99.53448252
0,78.92445339,95.11306427
0,78.49378796,87.08754967
0,77.42429346,98.01040769
0,73.23487932,87.54333927
0,67.96615207,89.16794428
0,71.9428234,97.45054278
0,76.36531401,94.05088266
0,68.37482216,90.40372746
0,78.2508634,99.82827586
0,74.67842648,91.820555
0,71.09421131,87.99650194
0,79.36870044,94.39634264
0,76.72066969,93.6857987
0,78.47430168,90.09948832
0,70.51167499,104.2934711
0,77.10008823,89.58882157
0,76.24488778,92.00643927
0,43.57815768,50.61825614
0,39.21303837,58.2239276
0,42.05430362,62.76083429
0,42.2223983,60.2112196
0,37.47348357,57.49866719
0,42.47878966,56.39722663
0,41.08673095,50.23016388
0,39.29861302,55.4708263
0,39.12458629,55.97744519
0,40.87860277,58.63968803
0,38.90689095,57.14172987
0,39.32949541,59.24390426
0,42.70290759,55.85436629
0,41.33566181,55.74979982
0,40.31296238,57.1097809
0,39.95621573,54.34653087
0,42.48792395,59.21314264
0,41.3497812,61.17378772
0,40.73694959,58.6669478
0,41.21541409,59.68636719
0,41.95366781,52.86040124
0,38.47592291,59.54876634
0,40.48711079,58.37445428
0,41.27306744,63.11240324
0,40.20319553,53.49613529
0,38.33552429,57.45588656
0,40.31226376,58.30874094
0,41.80003637,51.68240392
0,38.08612516,56.22821632
0,40.04588645,62.04228596
0,39.29590425,58.40015418
0,42.66760575,57.64281156
0,41.50826437,49.91054553
0,38.03447726,56.84536276
0,44.19769771,62.60643768
0,40.92267591,52.58993649
0,38.78152915,58.93512007
0,40.39564997,55.86300566
0,38.8446356,63.82037976
0,39.85190477,61.5424158
0,40.49481671,58.68416937
0,38.8075587,60.08962479
0,36.39639349,50.37879478
0,38.34953095,65.72598276
0,41.03817219,53.47026454
0,39.4144963,50.46409632
0,41.2131567,52.92453558
0,39.18143619,50.23750701
0,38.28571173,63.1383382
0,37.08910546,58.32695795
0,39.67303613,59.00603401
0,38.56359856,56.25907994
0,39.71555774,52.30680638
0,37.7076068,56.30511101
0,48.44694008,46.87114836
0,53.93166194,46.29305413
0,42.57657809,48.61458882
0,49.35097666,48.62301761
0,49.41173624,48.30730533
0,45.25918159,46.33521889
0,44.79843027,49.40211712
0,49.01149391,45.67852776
0,38.85833981,45.77824037
0,50.42472114,49.49947076
0,48.29196729,45.09706371
0,44.60721106,48.80376359
0,50.65315848,47.76148786
0,47.26437142,45.38114736
0,45.65331495,46.29463993
0,42.70979168,46.78481992
0,45.11583356,43.20543397
0,43.89879608,45.10835817
0,52.11566605,47.68774428
0,46.91980292,46.17103245
0,36.47930544,47.57387655
0,43.70060872,42.5315878
0,52.82180608,47.00240314
0,48.42843568,44.28365751
0,45.59947879,40.53838731
0,47.76687332,50.99485731
0,51.3766978,48.2078672
0,43.97216795,46.92442946
0,61.32737494,49.48379929
0,42.49051241,53.29675168
0,53.19580312,48.27339607
0,54.77652381,47.39807428
0,48.82855243,43.46775968
0,55.43634584,42.81960458
0,47.1185948,50.69956166
0,45.12211634,50.39862507
0,43.28190999,43.56784478
0,43.32297629,42.03831262
0,47.28021599,46.07098934
0,47.31768332,48.68345691
0,41.12392383,52.04979583
0,48.00530431,51.03748571
1,39.12367583,34.29289654
1,45.43134536,39.17508764
1,33.94328747,39.81443918
1,49.21093567,32.73555782
1,50.45198262,39.29482736
1,40.37669152,37.37009759
1,49.92452982,40.11059135
1,43.91102211,37.75404724
1,49.54136404,34.07659371
1,49.88709453,36.16558017
1,38.91000364,37.00775225
1,38.58134132,39.11061044
1,41.81620328,31.51985227
1,44.41501427,39.80593555
1,36.20530378,42.14776072
1,46.53192896,43.49275891
1,60.77630467,41.27204897
1,45.26783446,32.99791902
1,46.79791921,35.79824761
1,40.0020756,46.23149373
1,44.1132206,33.25045842
1,54.17336876,42.43085603
1,46.79337117,33.74370833
1,46.04574862,37.52851489
1,47.85291561,40.96849227
1,45.59048595,36.96728298
1,46.287768,33.219064
1,49.55591874,38.94269465
1,42.04549897,32.9165905
1,46.04864385,36.82405698
1,39.62547562,36.05644662
1,43.05970919,33.74508085
1,51.43194455,42.81416968
1,43.11682435,36.98161282
1,44.33636417,38.80720216
1,50.3507403,34.94448439
1,47.70408186,33.46069484
1,38.28169433,39.6842201
1,45.09491966,36.89096709
1,41.50995383,37.25574712
1,45.73082248,39.5575991
1,35.467896,37.66459952
1,39.00067464,35.2739169
1,36.50129959,38.90638438
1,36.27600071,35.72467067
1,38.63485285,40.05107589
1,53.40880959,37.25223256
1,37.54555872,40.85853839
1,51.14467222,37.26451471
1,44.23659107,30.83892348
1,42.36780561,32.50696877
1,41.4335046,42.67567245
1,48.39977404,31.93917032
1,52.10596377,39.61910631
1,41.19340052,40.12976892
1,41.23683557,38.37722343
1,47.39464451,39.20306017
1,46.36607275,35.94230338
1,41.86323117,38.59905544
1,51.15692002,43.31498673
1,26.73848541,14.09420241
1,33.2520554,18.12803553
1,33.1333962,20.75410506
1,34.79483654,21.11513751
1,30.95787027,19.36245098
1,38.24031148,11.84152431
1,39.24133749,17.81986491
1,34.9422992,12.48713376
1,29.78638429,18.65747049
1,43.2976549,13.33499231
1,33.9300786,17.80535412
1,34.11304648,17.42630241
1,40.19857209,12.63474545
1,34.29143183,18.43501272
1,35.44150988,12.90647103
1,31.09082022,13.16405513
1,31.5472109,14.52190474
1,36.14298814,17.03112029
1,31.33126557,18.24351934
1,34.25304854,14.97778506
1,26.33331921,14.42864154
1,26.42315568,17.41218957
1,35.24617561,15.20274103
1,33.99908014,13.97849718
1,28.39766032,19.76318081
1,35.6740539,18.05448819
1,32.97711099,11.26541556
1,36.74851766,16.18250752
1,36.7882737,12.39211135
1,37.68650391,20.66462378
1,31.67967199,19.29994747
1,28.04830096,19.56196514
1,30.36232601,19.00804087
1,33.07840443,17.14582055
1,45.27076568,18.06631387
1,35.82836956,15.32868445
1,34.37876073,14.35740057
1,31.01457206,16.21611677
1,32.32060239,14.49580475
1,36.6754436,14.4083072
1,34.00639069,18.21532777
1,36.06037687,15.65814412
1,33.77390572,17.19567994
1,35.09260052,18.35700141
1,31.35306967,19.67940909
1,37.72391871,18.73253893
1,95.96393675,62.20172975
1,95.67390214,56.42810502
1,93.31971653,58.86328198
1,95.98812231,55.63106043
1,94.29592085,56.18451874
1,100.8956694,54.94605886
1,98.23875146,52.13552518
1,91.04485221,58.9735285
1,101.9329177,58.36498794
1,94.41386382,61.14527182
1,93.87842023,57.17274734
1,91.71504783,57.1964383
1,98.33725895,56.18469784
1,95.47530639,61.55464468
1,92.3462983,60.07925987
1,93.24981363,55.69551931
1,98.24201616,56.78741291
1,93.23868073,59.1268097
1,98.1902732,60.32792508
1,97.14263665,50.8843331
1,89.40967073,54.26318593
1,99.4823422,57.85770126
1,92.9521513,59.26666423
1,97.18631496,54.58431115
1,100.8342643,56.06961135
1,95.67628636,57.49115546
1,99.08191894,59.44602553
1,96.47109462,59.44622992
1,93.25111272,61.33210857
1,100.4720481,56.96283945
1,91.29313249,56.45036957
1,87.51419309,56.33124634
1,98.26248126,59.89114591
1,92.06308389,55.66464937
1,94.49838071,58.61532626
1,94.60647961,57.97442514
1,95.41597433,56.13601703
1,101.271446,56.39497081
1,90.71439517,58.57282256
1,97.03625758,56.1490282
1,98.14535099,58.37980113
1,99.37219938,58.63991241
1,86.33059147,55.15930663
1,103.6744181,57.20824015
1,91.71064158,60.39734421
1,94.75509263,54.49506953
1,101.3493847,61.89072706
1,92.25651237,59.27719496
1,98.66097764,66.61530513
1,96.63691164,51.81494855
1,93.29441971,54.52215305
1,98.20409595,56.36456843
1,98.44195257,59.04996837
1,100.3437904,61.1271941
1,96.95256183,52.16637825
1,91.41726186,58.41016569
1,98.03206178,60.60696985
1,14.57884329,41.72621053
1,10.50997483,41.57090251
1,14.17035427,42.85804515
1,12.90535217,40.15684274
1,13.69924915,43.11620998
1,10.58105627,41.84163831
1,5.080020245,42.46440209
1,16.33638827,42.3553366
1,14.48701275,40.79350551
1,10.88675249,41.87213604
1,11.45748837,41.19256098
1,17.11940218,40.89981449
1,14.77051686,40.9649364
1,7.296737393,41.82333382
1,16.88884371,42.99813385
1,14.67711204,42.21036829
1,8.949071576,42.00674487
1,16.78443746,41.03661797
1,18.66523683,42.11820223
1,9.356075265,43.66710328
1,14.52070793,40.80456256
1,19.41718602,41.21299018
1,15.20500851,42.72875511
1,9.671341723,43.07088339
1,11.65587693,40.82355316
1,5.546097453,41.72076139
1,11.61210883,41.90834416
1,12.4598939,40.65395316
1,13.26231486,41.04258027
1,10.59568772,39.91941602
1,8.774288661,41.84634116
1,9.786238256,40.37778904
1,8.477815115,41.73161678
1,18.29310662,41.85812571
1,13.27903665,42.12375826
1,11.55643483,40.98738725
1,18.94494243,42.25016887
1,4.194910835,43.56208054
1,11.80603853,42.06504236
1,12.22683044,42.94417067
1,9.363397358,42.2575963
1,11.15628235,42.5916793
1,12.05435128,41.90703738
1,16.76872115,42.98037919
1,13.09987164,42.70824871
1,8.267767792,42.8560862
1,15.82291128,41.10672138
1,61.11891513,33.6259914
1,64.48461243,35.38996323
1,71.88282341,36.93519118
1,63.87754119,33.81109196
1,61.38954377,38.00192021
1,63.91608932,33.55898021
1,67.6199187,33.22773296
1,63.95871919,36.07786133
1,63.64501621,33.01361722
1,64.29505074,34.65709313
1,54.23258597,37.35245407
1,61.34933657,38.69397079
1,68.78657445,35.32836545
1,72.08606854,34.75090889
1,63.68294158,37.13343799
1,56.86451217,34.35694422
1,69.42011122,33.53104666
1,68.51432537,34.73174373
1,61.8676487,32.00280483
1,69.64673415,37.00780402
1,65.80643359,36.34702325
1,61.42582972,32.0346647
1,63.77682602,31.87178856
1,69.20678348,33.28679982
1,66.23684459,38.56645166
1,63.00980956,32.82708158
1,57.52927081,34.11877544
1,60.89754856,32.18989679
1,60.14342737,32.53174932
1,75.43530325,35.53945676
1,72.31246435,35.53033434
1,65.83649359,33.41538843
1,64.12570887,37.92624261
1,61.18038355,36.82345182
1,60.53435192,34.33925803
1,65.46440227,38.11231829
1,75.49194865,33.54966713
1,64.38463162,36.36433701
1,61.90558221,37.06172919
1,65.74311087,36.36828916
1,62.10218674,35.50175549
1,68.55346195,31.49101714
1,67.77535401,33.28156001
1,68.42782818,35.18632458
1,57.27981476,35.467597
1,61.22723636,37.37400525
1,62.95329825,32.97495548
1,67.13984947,41.52132478
1,67.13326657,36.60397023
1,71.28201129,36.18759783
1,2.61513511,36.16703452
1,-0.34176721,37.15692611
1,3.119387639,43.6407793
1,5.697050377,31.82260745
1,0.102480279,35.19278885
1,1.649089879,32.0196638
1,3.696734423,36.23361736
1,3.377403936,43.65644772
1,2.678925525,34.67483705
1,0.551100843,35.76028081
1,4.41857277,44.94122762
1,2.888544463,45.89562171
1,2.687787949,31.02668222
1,3.784510549,32.92037491
1,3.08967076,29.67873173
1,4.491039728,32.63428881
1,2.738306002,33.76881829
1,1.98481146,46.45393876
1,-0.242134695,38.82396092
1,4.913019722,39.50158984
1,2.010468542,34.11563243
1,6.174891621,29.92971725
1,1.730385546,43.48533288
1,2.371267837,35.2194699
1,7.305018678,30.61922613
1,1.792982332,36.86117035
1,-0.833534953,36.05635519
1,6.32671903,33.4051886
1,2.429349993,28.77320347
1,6.154473049,39.3596414
1,1.346095567,32.25540133
1,65.03626328,66.58873827
1,61.46624233,66.06829367
1,62.31280207,70.53840215
1,65.23992932,64.06004945
1,65.04780959,67.93138639
1,63.25031805,65.0605951
1,65.68481543,70.32071791
1,58.38050829,68.31720534
1,65.16251261,69.24014114
1,65.73904669,70.67334935
1,66.44553847,71.09527278
1,69.68647807,73.28201656
1,61.85696079,65.78354815
1,65.16287159,72.29937863
1,59.18621725,65.98494794
1,56.59350147,70.9756106
1,58.55126496,68.39154853
1,66.47539072,67.94665789
1,59.83019589,67.01267602
1,61.45419434,69.12314958
1,64.62143236,68.45696853
1,64.05678406,68.21664551
1,65.87785731,67.26870626
1,64.83100898,69.42235773
1,62.14734678,67.58234159
1,61.75923316,70.77202614
1,64.15393484,67.99421618
1,62.36371098,65.78382342
1,60.29977907,70.23964747
1,63.81764971,70.64865861
1,69.63926185,68.97157486
1,63.01172659,66.97506142
1,62.39565107,64.45154569
1,69.67484059,72.58698087
1,67.35204857,67.513684
1,59.6855746,71.26399107
1,63.73461327,67.68445612
1,64.3636483,67.45331777
1,65.86271923,65.77743829
1,64.8416295,68.6282458
1,64.09448119,71.21177909
1,64.82554502,69.61420517
1,55.86383997,69.88953847
1,61.65890656,69.13702787
1,62.87793138,69.70120687
1,66.89540076,67.60850954
1,62.31230248,69.05444371
1,67.80372975,68.64303071
1,59.46852881,67.02103535
1,62.52111267,69.52198767
1,68.77072436,69.45781194
1,23.19698718,71.13438805
1,23.64748791,67.65915546
1,22.96455008,73.82438395
1,26.58211562,73.08542247
1,28.13324836,70.99659484
1,32.84512441,71.0419221
1,21.91288799,68.56032607
1,24.956168,73.92830383
1,24.98689644,72.20861093
1,17.22773178,73.95780279
1,18.95085812,69.42665552
1,32.33140134,68.62817939
1,22.62624007,76.43400272
1,29.35892421,71.25689728
1,23.26054387,68.56843426
1,26.35963656,70.0462549
1,28.31438033,66.83598555
1,23.51508484,71.11315394
1,21.25791153,66.42124876
1,23.31647526,73.07069823
1,35.9782741,68.65815667
1,17.76386803,66.77861943
1,36.05434026,69.17449249
1,31.39253899,70.9693967
1,28.57042254,66.12697393
1,23.30043037,66.01574066
1,21.25115221,70.60087505
1,22.28232731,67.99686281
1,17.65335794,69.77751928
1,32.49502263,66.59439028
1,19.16151281,70.22400326
1,25.00010761,71.20003287
1,36.20337661,72.81795729
1,30.36619155,73.75546308
1,18.65849171,69.6039197
1,16.65156867,72.19394812
1,25.03731355,71.12222184
1,35.00279772,71.93894138
1,19.54652729,72.76595547
1,27.84126681,68.54603201
1,23.06990935,71.68820565
1,22.81367163,68.1459436
1,32.19756922,65.37671823
1,26.52346511,71.03105884
1,28.67014847,64.08504584
1,23.32669875,67.25279722
1,30.77045603,67.85287545
1,23.56472562,72.60651182
1,30.19018436,72.53984409
1,28.00493975,72.09552838
1,30.36692167,70.95570753
1,26.4775081,71.4497881
1,31.77982463,70.68308467
1,21.95629917,69.62066148
1,33.72494644,68.19016316
1,28.46146015,70.32116661
1,22.84753682,70.38071776
1,32.75859507,73.89386728
1,18.98625766,74.96898861
1,21.31847068,70.8983003
1,32.13412707,71.07940617
1,28.54015375,70.85693214
1,33.95276257,73.71985753
1,31.96022479,73.88672573
1,26.02857597,69.57986675
1,31.92573853,66.32413055
1,25.35334797,77.73449655
1,37.79237852,57.31985365
1,38.74530094,59.54574318
1,36.32815405,60.23107281
1,37.63462668,61.68110634
1,38.52733559,57.38412515
1,38.20344492,62.04320869
1,36.23747253,56.99158696
1,38.87932162,59.38558406
1,38.45893234,63.50175662
1,38.860707,56.73018457
1,39.1061107,54.98624792
1,38.03960448,59.15870598
1,38.00635457,62.02551577
1,39.6543255,57.07638423
1,38.65331831,63.31657067
1,38.35917164,59.70045433
1,39.11167534,59.28830828
1,36.42648492,62.07282015
1,37.33878216,58.6087482
1,37.20270292,58.27444162
1,40.75400841,57.60578314
1,38.41749281,55.30270517
1,39.07031899,58.38754007
1,36.78000019,60.16167094
1,38.40415961,57.69200698
1,36.76234399,55.70689409
1,38.22602113,59.19133923
1,37.68383417,54.5782282
1,36.68573135,56.77247146
1,37.90104912,56.69233621
1,39.58057325,60.55409479
1,38.28166661,56.22796875
1,38.76920014,60.88986214
1,37.46709813,57.04082355
1,39.06297306,61.55628406
1,37.21037735,58.84261413
1,38.6683654,58.5752911
1,37.77134099,62.07084592
1,39.5942359,60.15462286
1,37.05386417,58.32202685
1,36.32559496,59.98913591
1,39.4853967,56.72720543
1,39.74972673,59.59571417
1,37.24031596,60.6472134
1,38.0664148,54.51397605
1,38.19675835,60.16804615
1,40.04629279,57.139636
1,39.3731054,57.71783846
1,39.92801218,58.87976741
1,37.09711834,59.30955429
1,36.25315863,58.54139231
1,37.9198584,58.04500239
1,37.48601411,58.77859596
1,37.22538068,60.46268262
1,39.62086405,60.47761357
1,36.7069552,56.29348636
1,35.58395277,58.31029936
1,36.17441467,57.99102894
1,38.76660474,60.20153293
1,36.19005491,56.18068984
1,38.42442444,58.26099648
1,36.09656847,58.58325024
1,38.9999711,62.3108977
1,36.12529964,60.22004076
1,39.33690185,55.60966399
1,39.02629232,53.06286941
1,39.33058463,59.63301397
1,38.57509044,59.28945367
1,20.2414479,86.27457722
1,18.80254288,78.96526316
1,18.30021246,87.82073051
1,21.65384567,83.06753901
1,20.87360339,81.51786157
1,19.93191462,84.98740902
1,21.65994391,82.66075753
1,20.19858923,83.30005717
1,19.00794572,83.65244774
1,21.70722052,89.17619345
1,22.45487247,87.56746104
1,19.5539135,85.30890365
1,21.29038009,85.81304192
1,19.9393077,86.77149822
1,19.31511745,89.72622945
1,18.84728897,85.87427304
1,20.34692486,82.83164094
1,21.48176757,79.87670851
1,24.28655611,84.06122695
1,21.09288421,84.81660265
1,20.638445,86.39411914
1,19.53741171,87.51590458
1,19.72819044,88.28700157
1,20.60106803,91.54461631
1,21.37047627,82.31146155
1,20.68744935,90.43396935
1,23.31254738,84.18175632
1,21.16293872,84.94199314
1,20.81054897,89.16032658
1,20.89603427,89.60702653
1,19.38907207,82.34964466
1,20.12838485,91.05740065
1,18.1445415,81.60890332
1,20.40118924,88.05711474
1,23.22733969,84.21760271
1,20.13850928,83.15798385
1,20.05273993,84.72234712
1,20.35379146,80.32893613
1,19.13565833,83.77973001
1,21.0650849,81.53593869
1,20.87827365,86.84983254
1,19.72716922,83.7631474
1,20.85945277,81.07574775
1,22.77311141,82.5104768
1,21.48272906,82.9245226
1,21.06256047,88.03552182
1,23.1440342,86.15873826
1,23.67152909,78.8009462
1,21.37582869,84.4946608
1,20.39979021,89.76025391
1,20.34836427,88.12527121
1,31.04319634,31.7133448
1,34.47492882,29.72771992
1,33.32547187,45.71675593
1,32.84193384,43.16291662
1,32.56279391,41.50338597
1,35.25588551,36.77409414
1,33.72820929,44.09434967
1,34.1247021,36.63450747
1,32.22522099,34.70458827
1,33.28284813,38.03837165
1,33.95405983,42.05747785
1,35.08000717,24.41871512
1,35.0000384,35.14046479
1,30.55113219,34.12944521
1,32.12884774,35.36842153
1,33.26142121,36.13197249
1,31.50990827,37.71322276
1,33.071266,29.626945
1,34.50354061,43.90463746
1,32.32115137,41.73094062
1,33.78545772,43.79192586
1,32.4452729,32.13280033
1,32.76659788,46.25589367
1,33.1153817,35.92399191
1,32.99331575,33.76930514
1,33.83637974,42.83649191
1,31.77494872,39.86238193
1,33.98484874,42.43312066
1,33.52520478,36.82495516
1,31.15675233,36.33204531
1,32.19862865,42.85268702
1,31.81689247,37.14964961
1,32.04953862,47.36173142
1,32.62054304,31.60975913
1,33.18705921,42.73776084
1,32.96826997,36.50067283
1,33.54951454,37.40188077
1,33.2146066,36.12045822
1,31.75575717,45.51453233
1,33.49136657,40.7028916
1,32.0178645,36.65101276
1,33.7214777,35.81387097
1,32.1243418,45.50459602
1,31.78435942,41.15046138
1,35.11267495,40.6268883
1,33.17778001,38.84362597
1,42.46010088,13.48057592
1,48.9664715,14.36383053
1,48.0322772,13.85040675
1,46.81487757,15.39235928
1,46.76062136,17.47833281
1,45.30229114,15.92249275
1,44.89558692,15.63899074
1,45.64734293,14.63873833
1,45.73469762,11.63824317
1,41.13503124,14.48660526
1,44.40383155,17.22879196
1,42.66996746,16.47437061
1,46.32767177,14.43926039
1,46.95739808,12.3237309
1,50.12436405,15.23801447
1,43.5595694,14.95556412
1,46.38940334,16.12914152
1,45.30001848,13.87383079
1,45.89469066,16.26785252
1,48.6263262,17.40364148
1,44.51220976,13.58379307
1,49.50302196,17.19926728
1,43.73510524,17.90356874
1,48.28953171,13.95206618
1,48.04644745,11.72338279
1,49.03489004,16.526696
1,43.58723592,13.58056664
1,47.07545686,15.73415784
1,43.85396881,17.06771306
1,47.67068873,14.65931942
1,42.37368547,15.4177059
1,47.44616132,14.33289459
1,41.61225987,15.59905712
1,43.76334197,18.18578642
1,41.06242962,13.46104435
1,44.75203953,14.66416188
1,42.41096299,15.34740935
1,50.0238014,16.36558317
1,42.80365852,14.41225439
1,41.22459137,18.21028759
1,43.3282799,18.19335522
1,44.7856387,14.73048753
1,44.25792829,15.4745398
1,46.56280644,15.36194353
1,42.39860359,15.89285853
1,43.53820284,15.69089862
1,44.07298203,15.0365881
1,47.14010706,12.20194906
1,45.9408399,13.75827082
1,47.6693239,14.07609791
1,45.3871473,15.46098241
1,44.39342497,16.14504021
1,44.39792271,12.58268137
1,47.19780785,13.99014914
1,41.19624787,16.86582692
1,46.98182755,100.1660249
1,47.15387522,99.82645066
1,47.14638799,100.2621902
1,46.12430793,97.76454076
1,44.30166973,97.55454287
1,39.99555961,99.97523221
1,43.0651238,100.5224795
1,46.39983105,100.0260197
1,48.07942983,99.02204266
1,47.72056982,101.0421034
1,42.72801308,96.78403104
1,43.29823215,99.21468194
1,46.31909301,100.1867826
1,46.40453414,98.80385133
1,49.74087789,99.33718751
1,47.29003036,98.76582162
1,43.01903796,100.7066046
1,44.62978094,100.0100519
1,42.34087173,102.0549157
1,40.91403382,101.8892636
1,43.67931754,98.50995228
1,47.59322526,98.49139459
1,42.84146536,97.57677403
1,44.21215896,99.66100793
1,46.46914459,99.65547222
1,46.78882931,100.5055026
1,44.33566477,96.88844323
1,42.42176756,98.165917
1,45.80815334,98.92892763
1,40.01318724,99.0376962
1,39.66092945,98.62967096
1,44.27920769,98.26057807
1,47.8722222,96.93318613
1,44.61298024,99.40425764
1,46.33332719,100.3049105
1,42.98976571,98.6060725
1,39.94117768,101.7238101
1,47.88471258,97.86302447
1,44.67620587,100.784891
1,42.64822129,98.18340378
1,43.20092088,100.1603667
1,63.4496074,91.0337289
1,67.94689183,87.13222846
1,62.67986642,84.8005307
1,62.48490628,92.46401794
1,62.30082885,93.05618525
1,52.13347882,91.95303671
1,59.3934082,95.58680788
1,63.91669594,94.88890826
1,61.8990375,85.22387864
1,55.89925146,86.65708417
1,65.82311977,90.69577207
1,59.56509025,88.7471869
1,53.46039111,85.75107636
1,54.8316924,82.67812457
1,59.90970734,88.91408081
1,63.68583321,88.41471274
1,52.19383944,92.34763855
1,60.05110435,87.27041617
1,65.94971111,85.81671265
1,63.35326127,86.62555892
1,60.57898879,82.19223237
1,61.5108026,90.30419891
1,52.21811756,86.64463423
1,64.48898566,87.22852312
1,66.92419643,85.13653314
1,66.93783586,89.72893762
1,59.28826194,90.57619683
1,59.49630408,88.64995154
1,58.58688469,88.60680268
1,60.96588224,89.61326682
1,61.15625557,85.95388732
1,66.64454056,85.72827186
1,64.51062255,88.13836113
1,63.00688643,90.97013349
1,65.5885232,91.12802792
1,63.05667474,89.67250016
1,64.39974672,90.19756757
1,73.42561368,92.25803761
1,63.13513216,85.61926014
1,55.42619464,91.36841114
1,63.79284025,93.01001202
1,64.60793155,91.62920673
1,59.07442362,87.43259671
1,57.27699321,94.55440889
1,54.29661803,91.72704026
1,71.17688629,82.73769817
1,63.72484172,91.6998955
1,60.33947117,92.49136743
1,56.8528074,85.7763598
1,58.17800025,89.97093391
1,56.30578016,85.38805388
1,67.56698963,84.86074749
2,32.41361933,21.29339114
2,27.73178368,17.0800485
2,31.1201933,17.23522246
2,26.51811394,12.36169297
2,28.37217736,16.27593766
2,28.66872936,16.24358187
2,27.8218731,20.32818904
2,25.43386766,20.86271569
2,35.08290209,19.64199748
2,25.33104186,19.88651921
2,25.88592252,15.00820923
2,33.94828525,13.02301755
2,23.98350241,17.86758223
2,30.83515676,20.80225251
2,29.7458122,18.0092
2,32.13451035,17.3814582
2,28.4647543,20.46058808
2,27.64615878,17.1701163
2,22.94843969,17.29696076
2,27.82019685,17.26032112
2,27.16762527,16.92056442
2,31.53055568,18.4773954
2,32.02525564,21.96498068
2,23.62018611,17.98960273
2,23.37638365,18.89395226
2,25.19412544,16.94668628
2,27.78649368,14.59207967
2,26.56280394,19.83285327
2,26.05552909,15.34177914
2,28.69866371,17.01936832
2,28.4885098,18.72096399
2,31.42627248,18.60209462
2,23.12644117,18.2914545
2,33.84736122,14.004833
2,30.1676711,17.6171231
2,28.93682945,17.21020303
2,33.27432336,18.01064384
2,31.9167955,21.11322466
2,30.94680354,17.76251343
2,25.31698889,13.21627088
2,29.75144198,16.3490499
2,23.79794832,17.00778858
2,27.70395037,18.87005926
2,31.0745476,17.26669614
2,28.23844264,20.74199208
2,35.12954489,15.90497216
2,22.84757044,18.64841388
2,31.25279417,18.69449265
2,25.70311957,16.95211309
2,5.274470879,65.44760302
2,13.34529865,59.68581187
2,9.60867601,63.98152712
2,15.81294711,66.16606766
2,12.39847015,62.72552645
2,10.44587071,65.4335095
2,5.633174773,73.05776877
2,7.623875433,67.33646564
2,11.39768273,71.47597311
2,6.333397336,65.62098451
2,11.14210682,67.07235638
2,16.92201401,60.1856018
2,11.24832277,64.59346914
2,19.31437452,62.41398564
2,8.254613346,67.92904892
2,16.59291587,65.51751819
2,14.23317749,72.18872892
2,7.314733643,60.58773143
2,6.817632162,60.96101669
2,13.45570985,64.6880605
2,10.78231307,70.22840116
2,12.59750493,69.93139903
2,6.638735521,69.65857894
2,6.822720729,70.32808365
2,10.91585011,60.98978904
2,7.114111413,63.60442575
2,12.66387085,62.48684156
2,5.252388363,70.25967353
2,3.798525706,69.69282846
2,8.906043978,63.36376534
2,12.995041,67.27452549
2,6.724371465,64.79954614
2,7.118641089,60.19914191
2,8.193911391,73.47995782
2,10.07794934,53.89405375
2,6.546457796,64.11225504
2,9.871815247,63.14612729
2,3.251856744,73.02242945
2,3.651505708,63.80664606
2,9.02391648,67.53801743
2,7.542283706,62.88869447
2,11.73741265,59.6112402
2,6.875427589,61.44639742
2,5.938761978,61.12565743
2,12.58733941,72.16455956
2,11.23927454,66.222219
2,11.99751156,63.82662599
2,9.189607516,67.38156242
2,6.498895478,63.94853393
2,11.56129823,70.24196919
2,4.231948227,68.01479123
2,12.8313282,67.02078614
2,11.91001911,62.74101734
2,10.34833223,68.78521304
2,54.36960613,45.87925732
2,49.05384485,49.97616328
2,51.93426712,54.38462854
2,47.62312781,50.09616093
2,48.55839429,60.68089313
2,52.72600362,46.69951375
2,49.38476011,51.51657703
2,48.7633509,57.08668585
2,48.73517582,53.21255028
2,49.83442583,50.79023407
2,50.33616271,46.88155787
2,51.67841988,50.67264972
2,48.39384494,56.12738883
2,50.01084257,52.60978279
2,50.3705623,50.46170498
2,47.47946513,56.75774171
2,50.53420724,53.55001347
2,47.44602428,48.13921707
2,50.73327677,50.88139497
2,46.95463165,57.69689875
2,46.70358707,53.28213259
2,49.73940815,55.35072622
2,48.3645337,51.66458629
2,49.3267251,56.65322497
2,48.64606495,47.50450063
2,49.52024101,54.26384711
2,52.37493927,51.24320689
2,50.68584888,50.63667575
2,51.60325862,53.61185899
2,46.75434852,49.01273396
2,54.09472984,46.61822708
2,50.07477131,53.94774937
2,50.22196221,54.7074207
2,52.0525439,53.20008463
2,49.02687834,54.09914438
2,49.16709803,52.71037392
2,46.65849239,53.13881508
2,49.38125573,56.37819153
2,48.23363281,54.38859172
2,47.66434492,56.61442824
2,49.92355938,47.80679346
2,42.95191759,51.79835621
2,44.6121169,48.11974278
2,46.00965766,51.64967573
2,48.50199617,53.28224918
2,49.46886115,54.26492861
2,50.54313486,52.74590214
2,49.67476943,56.85933667
2,49.71129877,54.8331567
2,48.83680421,56.08615153
2,47.8051807,52.07053284
2,49.92322342,51.84960844
2,45.06265405,51.45891702
2,47.4017098,53.44902804
2,50.49953588,51.40728848
2,86.70411685,37.2612621
2,88.43776716,46.47505882
2,90.82577309,43.74389953
2,93.13802755,44.53173556
2,88.07129072,38.56786429
2,87.13936732,40.25329215
2,86.63688427,44.77977574
2,80.70993586,39.86819815
2,90.02775884,40.94995555
2,85.15455369,42.38611923
2,85.09020943,33.81472345
2,86.90496748,40.12909648
2,93.31202966,35.09914213
2,86.94882217,36.40568332
2,90.60986423,34.41950059
2,89.3865566,40.07130177
2,87.23785947,36.83495231
2,82.62237466,33.92782265
2,85.57412675,41.4013615
2,89.25561713,44.83421869
2,85.76181628,40.96363394
2,78.96365186,51.32580888
2,86.25422744,42.60402968
2,85.02833163,36.15281631
2,85.89336574,37.66479696
2,88.16842992,34.66091644
2,85.82994859,46.95178243
2,88.13723083,41.78015907
2,95.49837357,34.53618193
2,94.11089145,31.98432748
2,93.67545941,44.13695686
2,90.74900141,42.6669307
2,89.45241858,36.49057596
2,91.55424717,34.27742804
2,83.8995875,37.95901661
2,83.5196233,36.76499318
2,92.36892471,40.15766759
2,90.16696851,42.33212161
2,93.17235194,39.56723292
2,82.93003989,40.59920181
2,90.13804831,38.93143772
2,84.13029731,39.16058284
2,84.65524004,38.33215939
2,83.75720766,38.81872877
2,83.93363041,44.74641882
2,87.39395168,32.13304768
2,86.44130893,42.13145126
2,95.07448673,32.29681466
2,86.02882597,39.88914941
2,94.35524793,34.67088909
2,85.64010591,43.62186697
2,91.86100967,39.5917984
2,91.55595596,41.91745047
2,94.20264104,33.91159052
2,93.19627774,41.120461
2,80.97048685,39.00871338
2,95.11699263,38.92982923
2,91.14824123,38.02902331
2,-4.150646187,25.35748673
2,2.540602943,22.58318007
2,-4.201677782,21.94965719
2,-3.514627461,29.04244757
2,5.785436744,39.19541397
2,0.930643667,34.33328521
2,-1.388486353,27.17593362
2,2.189514594,26.21082341
2,-1.426449739,35.2655347
2,4.649580921,34.69120453
2,-6.160675827,31.9045457
2,3.280970856,30.56275016
2,2.916797609,26.72460081
2,-5.972467519,25.18106465
2,1.134813221,23.82858714
2,0.637124951,32.49397403
2,1.684929105,25.48790765
2,-2.550911498,23.81899994
2,-6.422730953,31.73119092
2,-2.609472327,34.28277574
2,4.476698906,28.28489261
2,1.072833082,36.40220492
2,4.087739102,30.71967351
2,5.826609577,29.13344357
2,-7.699093074,29.74559015
2,1.157079301,28.26854567
2,-2.84521117,28.89750446
2,-10.12734754,21.95649558
2,0.850538586,35.67735755
2,-1.944827855,29.6173545
2,6.730110963,35.64942091
2,-4.227211699,36.3250878
2,-2.833208996,32.6552204
2,0.224348032,34.55661935
2,-0.785301298,35.07813266
2,6.833971893,28.44280001
2,4.814608783,24.1177004
2,4.237940501,34.1067773
2,-2.704577157,35.63681436
2,2.701330599,37.58626202
2,-6.049121405,33.68286987
2,3.878111386,27.261071
2,4.337995413,38.80215383
2,-3.580982869,31.2900432
2,-3.732125964,30.25496463
2,4.609376472,30.06726327
2,-4.812780088,34.01190948
2,-7.69069739,31.11120774
2,3.380940169,31.51974454
2,-2.102732518,34.26787445
2,-10.26189438,33.58123058
2,-5.383576003,23.72995611
2,0.94716394,35.70915586
2,0.925683714,28.2364014
2,45.75982383,92.40650237
2,51.29980524,89.16089312
2,45.83432319,88.86356881
2,47.65247337,87.00653482
2,47.60819309,85.65634383
2,52.19936715,94.16987888
2,50.29924789,85.8247152
2,51.72043273,82.83023379
2,50.35136171,90.08170001
2,49.2645765,79.64909274
2,51.46466846,101.0218723
2,49.21023263,89.95872813
2,46.45591373,86.60065479
2,51.85938436,95.87388008
2,50.60320439,93.52957701
2,50.82955081,92.39866569
2,45.5166092,90.46971214
2,46.82664707,89.64578763
2,52.14546095,87.10554534
2,52.73539695,82.16826413
2,49.24194252,86.94839993
2,48.67774385,90.60404364
2,50.19096184,87.34284802
2,48.66020539,92.23361471
2,46.46891917,87.8578157
2,51.85941703,93.20395988
2,45.84367534,93.1152633
2,45.61109532,100.8264375
2,50.35092609,86.43113375
2,49.82671991,85.18471476
2,52.33791184,91.04349111
2,49.3632263,88.5155898
2,46.43317588,91.93497685
2,54.3735362,88.04850966
2,46.302005,87.18583698
2,47.05684882,86.83907248
2,49.55474027,92.10560309
2,48.56182652,91.27034429
2,46.74608275,81.73267343
2,48.10066577,85.61532513
2,47.71315833,88.37357895
2,50.3218374,87.54128119
2,51.72013801,79.31019592
2,47.11414756,83.15167308
2,51.01672447,86.79502483
2,49.87349952,87.55564593
2,50.73320923,86.46379279
2,46.61467302,88.96287612
2,49.48779911,89.74053567
2,49.63904788,88.06818726
2,52.18465813,84.66149983
2,49.8241737,90.14220613
2,49.10519244,91.92427877
2,51.24462241,82.85149058
2,49.95132616,87.21196469
2,49.48004686,84.66078608
2,47.65774217,90.46065475
2,48.37904691,95.73337636
2,51.16221955,81.60565562
2,48.02240916,82.70290513
2,49.26624491,85.82604773
2,49.39393822,94.32731475
2,45.05702273,79.50099406
2,63.92997199,4.099070514
2,61.4817415,6.664482204
2,65.62118775,7.6621286
2,63.7381173,5.482852586
2,60.56071606,5.643817955
2,66.1529386,5.462282099
2,62.11603193,11.94352282
2,62.43312666,6.664915505
2,65.18852097,10.70888829
2,60.81040541,11.33843837
2,62.52039862,3.729256491
2,63.82081114,3.678154099
2,66.22937255,6.835446796
2,59.7071676,4.307283185
2,66.37514956,9.676581313
2,63.6838209,3.900083568
2,61.21282649,2.998417234
2,63.89658524,7.863292592
2,60.85265817,2.996773135
2,62.60679515,6.734168236
2,56.68963892,3.641799573
2,65.50328559,11.21852158
2,65.06616655,5.181441049
2,62.3653043,6.204032948
2,65.57277647,10.36854322
2,57.74892768,-1.540938121
2,60.989882,5.200105506
2,62.76530895,11.68508345
2,64.80936916,7.231186756
2,61.73482329,6.42649767
2,60.9793649,9.851226526
2,60.17235112,12.40261049
2,68.66520514,6.141259482
2,58.50202565,5.920662709
2,61.67000255,5.762952275
2,57.97546858,10.18904373
2,58.53919157,8.175388193
2,65.84700426,8.236264586
2,63.6678722,7.695630313
2,59.88578032,11.43307027
2,61.91142289,7.151582118
2,61.17248961,5.069794326
2,62.31190955,8.363287051
2,63.29836383,5.832124748
2,62.04013898,7.807092189
2,61.7275063,5.453452737
2,60.94073881,9.977017729
2,61.35172061,10.67000056
2,57.61227432,6.236150631
2,63.31667849,8.073556697
2,63.63627753,6.46490551
2,63.87888538,12.4925314
2,62.64415691,5.53642376
2,68.47814411,10.20366858
2,100.4643695,83.15599722
2,95.79220087,81.37441673
2,91.85619414,86.77654028
2,89.04508466,81.78303657
2,94.61245291,84.97625415
2,93.56815881,83.55874151
2,95.6649746,78.34192117
2,92.62343008,84.39551381
2,99.91938264,76.59260951
2,96.19495192,85.17390299
2,93.05626677,75.61347819
2,89.79663988,79.04259659
2,97.75596515,84.74536744
2,101.1334165,81.88716124
2,93.31831183,80.21037228
2,92.31949124,79.39506669
2,102.8950047,79.39163235
2,87.98148147,84.23065069
2,97.87878959,77.69295302
2,94.18803989,80.44798194
2,91.8793724,78.56641587
2,99.5751718,84.24536483
2,100.2145371,83.41598017
2,100.1930976,74.13045865
2,96.12969471,82.03639654
2,108.5572885,79.85722937
2,92.16068395,81.48322042
2,107.343166,85.73288339
2,99.52113705,76.0249715
2,102.572855,79.40405138
2,87.04311416,84.87782494
2,88.59644912,85.57041118
2,104.3491805,79.79588009
2,100.9650856,76.02401333
2,100.7240882,81.1377354
2,103.4706721,76.78413063
2,93.5011405,78.29279028
2,94.59264826,76.20426884
2,96.1614134,83.43734646
2,92.52935094,74.76130603
2,99.87224317,75.30858151
2,87.36450637,78.85407469
2,97.33040059,81.49831687
2,95.02797132,79.80551147
2,100.0997571,83.76907994
2,98.97766684,83.79519308
2,96.07925362,82.46810009
2,101.4763711,83.07601053
2,93.13327433,83.91850139
2,89.0313026,85.22411177
2,98.14193707,80.07052257
2,93.33995575,83.44886805
2,94.78057643,82.88396651
2,99.44024804,83.53620106
2,87.07243022,80.43043873
2,93.43627298,79.00005829
2,98.47449838,80.65099845
2,97.75641962,80.46295363
2,105.93211,78.58498341
2,98.3868238,82.15269564
2,93.68677676,79.45133139
2,88.05484598,77.09202472
2,88.73055819,85.04693522
2,101.8845973,82.2553179
2,96.91255177,82.10603759